No;gFx;gFy;gFz;Label
376;0.009765625;-0.017990112;-0.998260498;TelentangDepan
495;0.027023315;0.034423828;-0.995574951;TelentangDepan
1130;-0.0767;-0.0733;0.9362;TelentangPutar
482;0.045516968;0.007553101;-1.003112793;TelentangDepan
1087;-0.077;0.0672;0.9806;TelentangPutar
763;0.018707275;0.1222229;-0.925445557;TelentangAtas
248;0.042556763;-0.018951416;-0.99395752;TelentangKiri
489;0.026077271;-0.02130127;-1.001708984;TelentangDepan
1069;-0.0537;-0.0274;0.9611;TelentangPutar
1161;-0.2123;0.0415;1.0283;TelentangPutar
288;0.058914185;-0.006484985;-0.992721558;TelentangKiri
1098;-0.1273;-0.0305;0.964;TelentangPutar
216;0.045059204;-0.013809204;-0.996047974;TelentangKiri
367;0.015548706;-0.022857666;-1.001937866;TelentangDepan
318;0.002822876;-0.01184082;-0.993911743;TelentangKiri
862;0.041427612;0.05770874;-1.030883789;TelentangAtas
798;0.024658203;0.116348267;-0.978012085;TelentangAtas
502;0.01940918;-0.013565063;-0.997650146;TelentangDepan
42;0.009902954;0.006698608;-0.998687744;TelentangKiri
1216;0.0437;-0.0884;1.0622;TelentangPutar
730;0.003082275;0.133087158;-0.99319458;TelentangAtas
197;0.055908203;-0.019729614;-1.000427246;TelentangKiri
1001;0.0193;0.0274;0.9916;TelentangPutar
760;0.014022827;0.116653442;-1.008010864;TelentangAtas
254;0.028015137;-0.012527466;-0.995346069;TelentangKiri
646;0.017059326;0.027450562;-0.999725342;TelentangDepan
1096;-0.1195;-0.023;1.0222;TelentangPutar
475;0.02432251;-0.043212891;-0.997924805;TelentangDepan
629;0.00843811;0.058441162;-0.997421265;TelentangDepan
1112;-0.1055;0.021;0.996;TelentangPutar
83;-0.000900269;-0.006118774;-0.997741699;TelentangKiri
1247;-0.0095;-0.0362;1.0459;TelentangPutar
1095;-0.0977;-0.0029;1.0266;TelentangPutar
116;0.025085449;-0.024642944;-0.997772217;TelentangKiri
587;0.045303345;0.014785767;-0.99647522;TelentangDepan
426;0.02494812;-0.015655518;-0.995437622;TelentangDepan
902;0.045593262;0.063369751;-0.962631226;TelentangAtas
968;0.050674438;0.084121704;-1.029022217;TelentangAtas
410;0.01109314;0.011199951;-1.001815796;TelentangDepan
647;0.026443481;0.025588989;-0.997680664;TelentangDepan
1254;-0.0889;0.0689;1.0087;TelentangPutar
942;0.035415649;0.048355103;-0.940612793;TelentangAtas
842;-0.010848999;0.105255127;-1.049377441;TelentangAtas
656;0.029083252;0.013946533;-0.994232178;TelentangDepan
519;0.014968872;-0.022399902;-0.993774414;TelentangDepan
1182;0.0498;-0.1195;1.018;TelentangPutar
493;0.047073364;0.014434814;-0.995178223;TelentangDepan
1170;-0.0181;-0.021;1.031;TelentangPutar
1110;-0.0992;0.0322;1.0048;TelentangPutar
1016;-0.0591;0.0095;0.9098;TelentangPutar
993;-0.0484;-0.0227;0.9643;TelentangPutar
107;0.02973938;-0.025680542;-0.998275757;TelentangKiri
328;-0.008560181;-0.00328064;-0.993911743;TelentangKiri
729;0.004302979;0.131149292;-0.995178223;TelentangAtas
1117;-0.1112;-0.0208;1.0315;TelentangPutar
610;0.021942139;0.065628052;-0.99458313;TelentangDepan
221;0.061798096;-0.023742676;-0.994506836;TelentangKiri
850;0.002105713;0.081069946;-1.001815796;TelentangAtas
782;0.047180176;0.148422241;-0.99546814;TelentangAtas
601;0.029586792;0.070724487;-1.001327515;TelentangDepan
714;0.000732422;0.130081177;-1.070739746;TelentangAtas
1031;-0.1099;0.02;0.9398;TelentangPutar
132;0.014144897;0.010772705;-1.003921509;TelentangKiri
1075;-0.0643;-0.043;1.0053;TelentangPutar
10;0.033752441;0.011245728;-0.995941162;TelentangKiri
392;0.011749268;-0.017776489;-1.000564575;TelentangDepan
1038;-0.0801;0.0618;0.9584;TelentangPutar
201;0.038040161;0.000686646;-0.999557495;TelentangKiri
945;0.024215698;0.083511353;-0.889968872;TelentangAtas
21;0.057983398;-0.009674072;-0.996017456;TelentangKiri
1122;-0.1129;0.0313;1.0293;TelentangPutar
930;0.0262146;0.079116821;-1.071350098;TelentangAtas
590;0.02406311;-0.010772705;-0.995941162;TelentangDepan
1218;-0.01;-0.0545;0.9303;TelentangPutar
346;-0.037368774;-0.019393921;-0.994308472;TelentangKiri
147;0.03805542;-0.004806519;-0.992782593;TelentangKiri
901;0.062911987;0.063705444;-0.946533203;TelentangAtas
96;0.003601074;-0.011825562;-0.995101929;TelentangKiri
1221;0.0151;-0.0931;1.0556;TelentangPutar
994;-0.0149;-0.0093;0.9213;TelentangPutar
696;-0.042633057;0.08934021;-1.034912109;TelentangAtas
7;0.093688965;0.028320313;-0.994064331;TelentangKiri
792;0.025680542;0.09815979;-0.99331665;TelentangAtas
567;0.015625;0.008987427;-1.001495361;TelentangDepan
193;0.036712646;-0.018829346;-0.999435425;TelentangKiri
1133;-0.0613;-0.0129;0.9611;TelentangPutar
1049;-0.1077;-0.0178;1.0466;TelentangPutar
205;0.044815063;-0.013626099;-0.999023438;TelentangKiri
926;0.052337646;0.093551636;-0.875274658;TelentangAtas
2;0.036422729;-0.071884155;-0.998657227;TelentangKiri
61;-0.043899536;-0.037261963;-1.002426147;TelentangKiri
1045;-0.0787;0.0371;1.0188;TelentangPutar
260;0.083251953;0.017868042;-0.992141724;TelentangKiri
802;0.002334595;0.098648071;-0.953674316;TelentangAtas
885;0.06036377;0.057922363;-1.007583618;TelentangAtas
892;0.032897949;0.074676514;-0.983642578;TelentangAtas
1264;-0.1146;0.0508;1.0009;TelentangPutar
947;0.058486938;0.074081421;-0.923721313;TelentangAtas
781;0.031173706;0.135818481;-0.989730835;TelentangAtas
124;0.011795044;-0.028289795;-0.997848511;TelentangKiri
497;0.010223389;0.013290405;-1.000289917;TelentangDepan
1152;-0.1239;-0.0601;1.021;TelentangPutar
362;0.034362793;-0.076721191;-0.999069214;TelentangDepan
371;0.028579712;-0.081939697;-1.000289917;TelentangDepan
440;0.044540405;-0.036956787;-0.996490479;TelentangDepan
981;-0.0445;0.0364;0.9384;TelentangPutar
522;0.018264771;-0.053771973;-0.998504639;TelentangDepan
761;0.024368286;0.126037598;-0.963943481;TelentangAtas
814;0.033599854;0.086791992;-1.026855469;TelentangAtas
806;0.003112793;0.119216919;-0.993133545;TelentangAtas
990;-0.023;0.0271;0.9958;TelentangPutar
417;0.026306152;0.025863647;-0.999465942;TelentangDepan
1132;-0.0679;-0.0125;0.9689;TelentangPutar
933;0.033432007;0.052383423;-1.096130371;TelentangAtas
1010;-0.0738;-0.0015;1.0153;TelentangPutar
770;0.010604858;0.128982544;-0.854431152;TelentangAtas
670;0.020492554;0.057128906;-0.996124268;TelentangDepan
550;0.036880493;0.013092041;-0.999267578;TelentangDepan
772;0.026290894;0.145065308;-0.959320068;TelentangAtas
455;0.015533447;-0.050857544;-0.995529175;TelentangDepan
1160;-0.2106;0.0076;1.021;TelentangPutar
531;0.03755188;-0.035720825;-0.994766235;TelentangDepan
1056;-0.043;0.0281;1.0119;TelentangPutar
310;0.023361206;0.005096436;-0.994308472;TelentangKiri
698;0.016830444;0.093078613;-1.045776367;TelentangAtas
1051;-0.0535;0.034;0.9689;TelentangPutar
175;0.081848145;-0.03364563;-0.989578247;TelentangKiri
1166;-0.0787;0.0364;0.9425;TelentangPutar
307;0.013473511;-0.007034302;-0.993255615;TelentangKiri
911;0.086685181;0.063812256;-1.068435669;TelentangAtas
654;0.01361084;0.009368896;-0.994842529;TelentangDepan
1165;-0.0945;0.0689;0.9227;TelentangPutar
1070;-0.0557;-0.0225;0.9428;TelentangPutar
557;0.002548218;-0.021316528;-0.989990234;TelentangDepan
413;0.014602661;-0.035858154;-0.997589111;TelentangDepan
839;0.007995605;0.11151123;-0.965011597;TelentangAtas
718;0.025939941;0.129486084;-1.023483276;TelentangAtas
936;0.043273926;0.049072266;-1.062515259;TelentangAtas
301;0.039520264;0.01272583;-0.992736816;TelentangKiri
492;0.041229248;-0.005432129;-0.99395752;TelentangDepan
3;0.064331055;-0.060760498;-0.995864868;TelentangKiri
350;-0.050186157;-0.021591187;-1.00100708;TelentangKiri
568;0.02053833;0.008743286;-0.995025635;TelentangDepan
863;0.028762817;0.069885254;-1.034164429;TelentangAtas
55;-0.026657104;-0.0206604;-1.001251221;TelentangKiri
736;0.047546387;0.165176392;-1.055862427;TelentangAtas
374;0.005767822;-0.020202637;-0.995452881;TelentangDepan
1013;-0.1395;-0.0562;1.042;TelentangPutar
1211;-0.0017;-0.0193;0.967;TelentangPutar
378;0.025177002;-0.012527466;-0.998077393;TelentangDepan
136;0.001571655;-0.017791748;-1.000030518;TelentangKiri
617;0.026855469;0.086120605;-0.993530273;TelentangDepan
843;0.026702881;0.113601685;-1.005249023;TelentangAtas
1209;0.0098;-0.012;1.073;TelentangPutar
1243;-0.0039;-0.0914;1.0195;TelentangPutar
1142;-0.0469;0.0178;1.0356;TelentangPutar
873;0.034133911;0.0987854;-0.909835815;TelentangAtas
816;0.038757324;0.106338501;-0.961486816;TelentangAtas
603;0.016220093;0.070602417;-0.956665039;TelentangDepan
582;0.02520752;0.036453247;-0.995239258;TelentangDepan
669;0.024215698;0.046066284;-0.997619629;TelentangDepan
1019;-0.1116;-0.0354;1.0268;TelentangPutar
237;0.063735962;-0.014587402;-0.994720459;TelentangKiri
138;0.020584106;-0.038925171;-0.995956421;TelentangKiri
739;0.041015625;0.153549194;-1.023117065;TelentangAtas
964;0.03894043;0.082183838;-0.95413208;TelentangAtas
365;0.024078369;-0.07699585;-0.994842529;TelentangDepan
780;0.022705078;0.13079834;-0.987640381;TelentangAtas
1078;-0.042;0.0098;0.9562;TelentangPutar
1025;-0.0677;0.0095;0.9745;TelentangPutar
458;0.028518677;-0.028030396;-0.998931885;TelentangDepan
188;0.045394897;0.039718628;-0.991836548;TelentangKiri
1145;-0.0645;0.0481;1.0449;TelentangPutar
243;0.049438477;0.006942749;-1.004852295;TelentangKiri
120;0.002120972;-0.007843018;-0.995864868;TelentangKiri
1176;0.0134;0.0064;0.8954;TelentangPutar
1257;-0.0406;0.0586;1.0288;TelentangPutar
1041;-0.0977;0.0132;1.0586;TelentangPutar
39;0.055709839;0.016174316;-0.995910645;TelentangKiri
428;0.023422241;-0.019973755;-0.997131348;TelentangDepan
986;-0.0191;0.0335;0.9675;TelentangPutar
134;0.056488037;0.048141479;-1.000076294;TelentangKiri
988;-0.0022;0.0469;1.0251;TelentangPutar
206;0.017822266;-0.025680542;-1.001953125;TelentangKiri
614;0.026229858;0.084686279;-0.991119385;TelentangDepan
649;0.031448364;0.029342651;-0.997436523;TelentangDepan
1259;-0.0469;0.0738;1.0596;TelentangPutar
700;0.059417725;0.147537231;-0.954666138;TelentangAtas
308;0.009399414;-0.008239746;-1.001922607;TelentangKiri
925;0.072891235;0.084442139;-0.873794556;TelentangAtas
5;0.064346313;-0.012710571;-0.996704102;TelentangKiri
366;0.014984131;-0.056671143;-0.994995117;TelentangDepan
156;0.039657593;0.020614624;-0.993972778;TelentangKiri
728;0.009765625;0.134963989;-0.999954224;TelentangAtas
819;0.03666687;0.109375;-0.99005127;TelentangAtas
333;-0.043319702;-0.054840088;-0.994796753;TelentangKiri
499;0.022583008;-0.01675415;-0.994140625;TelentangDepan
118;-0.017654419;-0.03767395;-0.997787476;TelentangKiri
904;0.071777344;0.057800293;-0.96282959;TelentangAtas
1099;-0.129;-0.0496;1.0437;TelentangPutar
535;0.012619019;-0.021408081;-0.998565674;TelentangDepan
895;0.044281006;0.057571411;-1.024978638;TelentangAtas
135;0.013168335;0.015075684;-0.994277954;TelentangKiri
214;0.041854858;-0.027023315;-1.000701904;TelentangKiri
456;0.012390137;-0.046691895;-1.002609253;TelentangDepan
525;0.00920105;-0.020736694;-0.992019653;TelentangDepan
1011;-0.0755;-0.0112;0.9127;TelentangPutar
1195;-0.0464;-0.0537;1.0591;TelentangPutar
705;-0.016281128;0.12840271;-0.965011597;TelentangAtas
886;0.027816772;0.065246582;-0.999145508;TelentangAtas
638;0.024932861;0.041381836;-0.99609375;TelentangDepan
1228;-0.0877;0.055;0.9965;TelentangPutar
186;-0.013412476;-0.021179199;-1.001708984;TelentangKiri
1064;-0.0462;0.0237;0.9826;TelentangPutar
9;0.041549683;0.01675415;-0.997421265;TelentangKiri
262;0.04486084;-0.009033203;-1.000610352;TelentangKiri
1022;-0.0603;0.0054;1.0217;TelentangPutar
972;0.066818237;0.04486084;-1.13104248;TelentangAtas
931;0.057525635;0.073898315;-1.076965332;TelentangAtas
724;0.03024292;0.139968872;-1.042388916;TelentangAtas
778;0.035232544;0.11781311;-0.984863281;TelentangAtas
1063;-0.0511;0.0181;0.998;TelentangPutar
997;-0.0501;-0.034;1.052;TelentangPutar
868;0.043029785;0.045959473;-0.948684692;TelentangAtas
1177;0.0633;-0.0672;1.1067;TelentangPutar
125;0.028823853;-0.021652222;-1.000808716;TelentangKiri
1225;-0.0594;0.0171;1.0144;TelentangPutar
920;0.046218872;0.033035278;-0.945205688;TelentangAtas
685;0.029510498;0.025588989;-0.994186401;TelentangDepan
919;0.056411743;0.035491943;-0.967575073;TelentangAtas
634;0.017349243;0.052429199;-1.008682251;TelentangDepan
137;0.023971558;-0.031600952;-0.997360229;TelentangKiri
869;0.011184692;0.057312012;-0.936843872;TelentangAtas
907;0.007400513;0.080917358;-0.974441528;TelentangAtas
459;0.037887573;-0.008834839;-0.996154785;TelentangDepan
915;0.023147583;0.031082153;-1.089523315;TelentangAtas
745;0.023132324;0.151397705;-1.032791138;TelentangAtas
444;0.031448364;-0.022003174;-0.999832153;TelentangDepan
312;0.017333984;0.036315918;-0.9949646;TelentangKiri
289;0.059890747;-0.000595093;-0.993743896;TelentangKiri
523;0.02394104;-0.032409668;-0.998428345;TelentangDepan
1232;-0.1075;0.0743;0.974;TelentangPutar
37;0.029174805;-0.042495728;-0.997283936;TelentangKiri
1153;-0.1231;-0.0406;1.0676;TelentangPutar
1269;-0.1134;-0.0481;1.0039;TelentangPutar
693;-0.041488647;0.08505249;-0.99710083;TelentangAtas
1005;-0.0467;-0.0059;1.0578;TelentangPutar
148;0.032516479;0.007064819;-1.000946045;TelentangKiri
609;0.021759033;0.086105347;-0.997940063;TelentangDepan
47;0.031509399;-0.035293579;-0.997009277;TelentangKiri
427;0.022979736;-0.015533447;-0.998748779;TelentangDepan
769;0.031707764;0.130554199;-0.92288208;TelentangAtas
246;0.066177368;0.048492432;-0.994384766;TelentangKiri
105;0.007522583;0.004821777;-0.995422363;TelentangKiri
674;0.022094727;0.024200439;-0.994354248;TelentangDepan
725;0.015304565;0.125488281;-1.034072876;TelentangAtas
326;-0.02230835;-0.002639771;-0.99407959;TelentangKiri
526;-0.001724243;-0.009262085;-1.000961304;TelentangDepan
327;-0.013839722;0.001174927;-0.99621582;TelentangKiri
830;0.005874634;0.073699951;-0.939865112;TelentangAtas
291;0.034866333;-0.016326904;-1.007217407;TelentangKiri
859;0.039352417;0.082046509;-0.944763184;TelentangAtas
847;0.024169922;0.085479736;-1.078567505;TelentangAtas
694;-0.040222168;0.101699829;-0.985183716;TelentangAtas
130;0.003829956;-0.033706665;-0.999038696;TelentangKiri
891;0.044281006;0.069747925;-0.978500366;TelentangAtas
391;0.00894165;-0.025299072;-0.993286133;TelentangDepan
84;-0.000808716;-0.000701904;-1.001831055;TelentangKiri
1115;-0.1234;-0.0327;1.0503;TelentangPutar
46;0.043945313;-0.007659912;-0.997665405;TelentangKiri
584;0.032546997;-0.008789063;-0.992904663;TelentangDepan
851;0.031402588;0.071380615;-0.982391357;TelentangAtas
658;0.027618408;0.050216675;-0.99671936;TelentangDepan
453;0.038711548;-0.053817749;-0.993469238;TelentangDepan
382;0.017501831;-0.039749146;-0.99798584;TelentangDepan
302;0.028594971;0.018356323;-1.002822876;TelentangKiri
168;0.105331421;0.001693726;-0.993087769;TelentangKiri
111;-0.014053345;-0.037185669;-0.997650146;TelentangKiri
893;0.058273315;0.065063477;-1.012237549;TelentangAtas
40;0.036178589;0.012405396;-1.000061035;TelentangKiri
195;0.059127808;-0.02381897;-0.998519897;TelentangKiri
278;0.047195435;-0.043731689;-1.001663208;TelentangKiri
938;0.04586792;0.057189941;-0.991363525;TelentangAtas
606;0.042388916;0.10697937;-0.98677063;TelentangDepan
796;0.034240723;0.115447998;-0.989486694;TelentangAtas
1023;-0.0635;-0.0064;1.0095;TelentangPutar
921;0.031311035;0.033859253;-0.849319458;TelentangAtas
829;0.0000458;0.075500488;-0.960632324;TelentangAtas
867;0.024734497;0.049606323;-0.942810059;TelentangAtas
207;0.011627197;-0.017532349;-0.994155884;TelentangKiri
820;0.035369873;0.104431152;-1.002243042;TelentangAtas
946;0.059066772;0.085906982;-0.915328979;TelentangAtas
927;0.047134399;0.095947266;-0.90574646;TelentangAtas
1107;-0.1087;-0.03;0.9858;TelentangPutar
1044;-0.0894;0.0071;0.9677;TelentangPutar
1173;-0.0662;0.0528;0.9425;TelentangPutar
632;0.033081055;0.065444946;-1.002578735;TelentangDepan
432;0.030334473;-0.038269043;-0.99710083;TelentangDepan
187;-0.013275146;0.006500244;-1.001266479;TelentangKiri
290;0.048706055;-0.005310059;-0.990386963;TelentangKiri
1231;-0.1097;0.0897;0.9626;TelentangPutar
1256;-0.0591;0.0562;0.9872;TelentangPutar
70;-0.000457764;0.029083252;-1.001464844;TelentangKiri
552;0.008926392;-0.047241211;-0.99432373;TelentangDepan
304;0.026000977;0.004699707;-1.007339478;TelentangKiri
720;-0.001541138;0.107208252;-1.077316284;TelentangAtas
680;0.019683838;0.007659912;-0.998168945;TelentangDepan
481;0.036499023;-0.005645752;-0.993453979;TelentangDepan
823;0.034545898;0.087188721;-1.005218506;TelentangAtas
515;0.026428223;-0.035888672;-0.996673584;TelentangDepan
599;0.062347412;0.035461426;-0.985778809;TelentangDepan
472;0.027664185;0.019973755;-1.005584717;TelentangDepan
101;0.022720337;-0.022598267;-0.998474121;TelentangKiri
1059;-0.031;-0.0046;1.0813;TelentangPutar
45;0.050964355;0.001846313;-0.996154785;TelentangKiri
106;0.028366089;0.002502441;-0.997711182;TelentangKiri
267;0.052307129;0.011322021;-1.002548218;TelentangKiri
779;0.050231934;0.141311646;-0.969726563;TelentangAtas
1199;-0.0406;-0.0176;0.9787;TelentangPutar
422;0.011154175;0.008468628;-0.99559021;TelentangDepan
149;0.03666687;0.012176514;-0.997283936;TelentangKiri
1024;-0.0677;-0.0064;0.9977;TelentangPutar
547;0.008895874;-0.017303467;-0.99987793;TelentangDepan
117;0.022583008;-0.035385132;-0.997406006;TelentangKiri
173;0.055480957;0.018966675;-0.997161865;TelentangKiri
190;0.088882446;0.026947021;-0.997879028;TelentangKiri
181;0.016052246;0.002532959;-1.009811401;TelentangKiri
932;0.050765991;0.057723999;-1.087753296;TelentangAtas
56;-0.011276245;0.006820679;-1.001220703;TelentangKiri
18;0.035003662;0.015090942;-0.997177124;TelentangKiri
114;0.018981934;-0.002883911;-0.998779297;TelentangKiri
1242;-0.0213;-0.0906;1.0148;TelentangPutar
719;-0.00177002;0.091888428;-1.037597656;TelentangAtas
151;0.043701172;-0.005691528;-0.999984741;TelentangKiri
655;0.023178101;0.00340271;-0.998855591;TelentangDepan
663;0.021438599;0.002365112;-0.997177124;TelentangDepan
896;0.043365479;0.052642822;-1.052001953;TelentangAtas
711;0.042770386;0.142974854;-1.048965454;TelentangAtas
637;0.031768799;0.059616089;-0.992492676;TelentangDepan
280;0.030303955;-0.028640747;-0.994979858;TelentangKiri
161;0.048400879;-0.017410278;-0.996810913;TelentangKiri
807;0.032073975;0.126235962;-1.012176514;TelentangAtas
478;0.024490356;0.009216309;-0.99798584;TelentangDepan
1197;-0.0432;-0.031;1.0153;TelentangPutar
747;0.008377075;0.129592896;-0.971847534;TelentangAtas
650;0.029968262;0.0337677;-0.99357605;TelentangDepan
880;0.063018799;0.085159302;-1.054397583;TelentangAtas
973;0.052566528;0.040756226;-1.136322021;TelentangAtas
1186;0.0435;-0.1234;1.0693;TelentangPutar
878;0.005340576;0.062515259;-0.990371704;TelentangAtas
249;0.044815063;-0.055282593;-0.993545532;TelentangKiri
712;0.011260986;0.122970581;-1.038375854;TelentangAtas
1188;0.0056;-0.065;1.0002;TelentangPutar
1042;-0.0992;0.0049;0.9748;TelentangPutar
1136;-0.0557;-0.0222;1.0596;TelentangPutar
476;0.017303467;-0.038070679;-0.997360229;TelentangDepan
331;0.01133728;0.005065918;-0.972793579;TelentangKiri
538;0.014831543;-0.024520874;-0.998809814;TelentangDepan
1129;-0.0657;-0.0704;0.9999;TelentangPutar
622;0.027923584;0.126190186;-0.990112305;TelentangDepan
131;0.006622314;-0.020568848;-0.993362427;TelentangKiri
439;0.032089233;-0.028182983;-0.998809814;TelentangDepan
1012;-0.0989;-0.032;0.8873;TelentangPutar
1089;-0.0958;0.0369;0.9665;TelentangPutar
403;0.024765015;-0.001922607;-0.994049072;TelentangDepan
846;0.033538818;0.091430664;-1.007919312;TelentangAtas
1090;-0.0941;0.0396;0.9958;TelentangPutar
1267;-0.1239;-0.0042;0.9833;TelentangPutar
1028;-0.1048;0.0051;1.0491;TelentangPutar
765;0.011688232;0.137451172;-0.941726685;TelentangAtas
32;0.035980225;0.001342773;-0.995132446;TelentangKiri
564;0.033599854;0.042282104;-1.001495361;TelentangDepan
28;0.06111145;-0.03918457;-0.996429443;TelentangKiri
368;0.008132935;-0.041915894;-0.993301392;TelentangDepan
553;0.024780273;-0.034912109;-1.002243042;TelentangDepan
224;0.057403564;-0.023254395;-0.996337891;TelentangKiri
165;0.039001465;0.005340576;-1.002365112;TelentangKiri
393;0.003417969;-0.015655518;-0.993347168;TelentangDepan
723;0.00100708;0.131240845;-1.02255249;TelentangAtas
611;0.033432007;0.064376831;-0.995925903;TelentangDepan
283;0.057601929;-0.008270264;-0.995559692;TelentangKiri
1158;-0.1693;-0.042;1.042;TelentangPutar
268;0.048049927;0.010467529;-0.995361328;TelentangKiri
285;0.053268433;-0.014419556;-0.99395752;TelentangKiri
890;0.041915894;0.074142456;-0.964538574;TelentangAtas
529;0.03918457;-0.021057129;-0.994522095;TelentangDepan
1212;-0.0034;0.0015;1.0009;TelentangPutar
200;0.036895752;-0.003738403;-0.999282837;TelentangKiri
1092;-0.0718;0.0476;1.0447;TelentangPutar
969;0.056488037;0.078231812;-1.083892822;TelentangAtas
1101;-0.1336;-0.0528;1.0056;TelentangPutar
726;-0.007827759;0.124145508;-1.006439209;TelentangAtas
615;0.019927979;0.108901978;-1.003860474;TelentangDepan
678;0.028244019;0.126449585;-0.996627808;TelentangDepan
939;0.055450439;0.053329468;-0.998199463;TelentangAtas
435;0.015594482;-0.017486572;-0.997894287;TelentangDepan
682;0.021453857;0.014099121;-0.996902466;TelentangDepan
996;-0.0318;-0.0159;1.0105;TelentangPutar
183;0.051864624;0.014266968;-0.999069214;TelentangKiri
1029;-0.0916;0.034;1.0136;TelentangPutar
255;0.017684937;-0.019073486;-0.996398926;TelentangKiri
194;0.060073853;-0.016448975;-0.995361328;TelentangKiri
172;0.045501709;0.012374878;-1.001968384;TelentangKiri
91;-0.000854492;-0.022537231;-0.992736816;TelentangKiri
845;0.007797241;0.10005188;-1.040969849;TelentangAtas
577;0.037582397;0.024536133;-0.994781494;TelentangDepan
713;0.005462646;0.123550415;-1.040222168;TelentangAtas
652;0.015029907;0.016662598;-0.997955322;TelentangDepan
662;0.020233154;-0.012664795;-0.996994019;TelentangDepan
452;0.027160645;-0.023162842;-0.997131348;TelentangDepan
1084;-0.0611;0.0423;1.0471;TelentangPutar
593;0.065307617;0.057342529;-0.992538452;TelentangDepan
167;0.091094971;0.013977051;-0.994522095;TelentangKiri
387;0.030761719;-0.021224976;-0.997009277;TelentangDepan
828;0.02041626;0.076766968;-0.983810425;TelentangAtas
233;0.058685303;-0.029525757;-1.000686646;TelentangKiri
1067;-0.0638;-0.0481;1.0525;TelentangPutar
323;0.002044678;-0.028152466;-0.996307373;TelentangKiri
542;0.039962769;-0.003356934;-0.995651245;TelentangDepan
213;0.056594849;-0.017654419;-0.99559021;TelentangKiri
449;0.009918213;-0.041259766;-0.995361328;TelentangDepan
1036;-0.0884;0.065;1.0437;TelentangPutar
983;-0.0804;0.0098;1.0725;TelentangPutar
1057;-0.0366;0.0132;0.9973;TelentangPutar
695;-0.054840088;0.090026855;-1.01385498;TelentangAtas
234;0.053070068;-0.013259888;-0.993942261;TelentangKiri
357;-0.025131226;0.006393433;-0.99269104;TelentangKiri
460;0.019958496;-0.011688232;-1.001815796;TelentangDepan
235;0.056228638;-0.00920105;-1.002166748;TelentangKiri
813;0.026062012;0.09413147;-1.037445068;TelentangAtas
295;0.037582397;0.003128052;-1.001876831;TelentangKiri
293;0.036560059;-0.018218994;-0.993759155;TelentangKiri
909;0.061172485;0.095535278;-0.981964111;TelentangAtas
821;0.041732788;0.113540649;-0.986694336;TelentangAtas
17;0.023773193;0.025665283;-0.99861145;TelentangKiri
961;0.061920166;0.064117432;-0.965896606;TelentangAtas
388;0.021530151;-0.015884399;-0.992385864;TelentangDepan
1079;-0.045;0.0266;0.9315;TelentangPutar
959;0.044464111;0.051055908;-0.952880859;TelentangAtas
375;0.009185791;-0.024139404;-0.995666504;TelentangDepan
218;0.077728271;-0.008880615;-0.998413086;TelentangKiri
1202;-0.0518;0.023;1.0021;TelentangPutar
63;-0.007537842;-0.018508911;-0.999023438;TelentangKiri
858;0.020950317;0.077438354;-0.952957153;TelentangAtas
1229;-0.0906;0.0687;1.0114;TelentangPutar
419;0.033737183;-0.021224976;-0.996185303;TelentangDepan
339;-0.0572052;-0.029571533;-0.989395142;TelentangKiri
1032;-0.1197;0.021;1.0686;TelentangPutar
574;0.040298462;0.036392212;-0.994262695;TelentangDepan
963;0.07131958;0.077209473;-0.982330322;TelentangAtas
319;0.00970459;0.010147095;-0.997451782;TelentangKiri
738;0.02130127;0.13470459;-1.050140381;TelentangAtas
228;0.046066284;-0.001144409;-1.000091553;TelentangKiri
512;-0.007507324;-0.045623779;-0.995697021;TelentangDepan
753;0.010848999;0.16178894;-0.969161987;TelentangAtas
967;0.034683228;0.081924438;-0.978363037;TelentangAtas
408;0.015670776;0.026565552;-0.998199463;TelentangDepan
1159;-0.205;-0.0042;1.0219;TelentangPutar
1201;-0.0596;0.0159;0.9946;TelentangPutar
265;0.046539307;-0.003417969;-1.001693726;TelentangKiri
490;0.027404785;-0.036102295;-0.994995117;TelentangDepan
805;-0.00567627;0.111816406;-0.979492188;TelentangAtas
1;0.04006958;-0.060195923;-0.992492676;TelentangKiri
121;0.01713562;-0.011703491;-0.999740601;TelentangKiri
532;0.036239624;-0.01940918;-1.003723145;TelentangDepan
471;0.014770508;0.010574341;-1.00227356;TelentangDepan
511;-0.006164551;-0.03868103;-0.993209839;TelentangDepan
953;0.078674316;0.056655884;-1.122070313;TelentangAtas
68;-0.016571045;0.012252808;-1.003250122;TelentangKiri
127;0.006668091;-0.008956909;-0.996841431;TelentangKiri
306;0.022750854;-0.008270264;-0.996459961;TelentangKiri
225;0.055740356;-0.017654419;-0.987594604;TelentangKiri
491;0.03578186;-0.020248413;-1.003128052;TelentangDepan
589;0.022796631;-0.009780884;-0.996322632;TelentangDepan
215;0.036590576;-0.020431519;-0.996444702;TelentangKiri
488;0.026351929;-0.00201416;-1.000015259;TelentangDepan
856;0.042098999;0.091461182;-1.00994873;TelentangAtas
740;0.036697388;0.151565552;-1.004379272;TelentangAtas
231;0.053161621;-0.033813477;-1.001022339;TelentangKiri
264;0.040786743;-0.00944519;-0.995803833;TelentangKiri
992;-0.045;-0.0034;1.008;TelentangPutar
684;0.009963989;0.007919312;-0.998062134;TelentangDepan
618;0.019088745;0.082519531;-0.991256714;TelentangDepan
536;0.010253906;-0.034912109;-0.998397827;TelentangDepan
940;0.045471191;0.044174194;-0.943374634;TelentangAtas
625;0.027770996;0.059570313;-1.00112915;TelentangDepan
71;0.022796631;0.016342163;-0.996490479;TelentangKiri
247;0.062698364;0.024642944;-0.999130249;TelentangKiri
38;0.05078125;-0.00769043;-0.993881226;TelentangKiri
446;0.027572632;-0.011352539;-0.993972778;TelentangDepan
287;0.049987793;-0.018264771;-0.994979858;TelentangKiri
1050;-0.0892;-0.0046;1.0469;TelentangPutar
754;0.019424438;0.160385132;-0.974761963;TelentangAtas
222;0.045318604;-0.02520752;-0.998718262;TelentangKiri
381;0.026855469;-0.027420044;-0.996749878;TelentangDepan
4;0.07043457;-0.040740967;-0.996490479;TelentangKiri
263;0.031509399;-0.012161255;-0.993499756;TelentangKiri
1080;-0.0472;0.0288;0.978;TelentangPutar
94;0.043411255;-0.00239563;-0.998428345;TelentangKiri
1179;0.0728;-0.1175;1.0749;TelentangPutar
359;-0.01864624;0.01260376;-0.976745605;TelentangKiri
572;0.0365448;0.046875;-1.00201416;TelentangDepan
937;0.035964966;0.054992676;-1.079406738;TelentangAtas
1121;-0.118;-0.0042;1.0014;TelentangPutar
434;0.023574829;-0.028152466;-0.994812012;TelentangDepan
691;0.005020142;0.08984375;-1.060180664;TelentangAtas
442;0.007553101;-0.021255493;-0.997116089;TelentangDepan
653;0.01335144;0.004592896;-0.998336792;TelentangDepan
950;0.06262207;0.067886353;-1.043960571;TelentangAtas
48;0.008300781;-0.056503296;-0.996459961;TelentangKiri
41;0.018218994;-0.000839233;-0.994552612;TelentangKiri
948;0.071914673;0.080062866;-0.921722412;TelentangAtas
513;0.001998901;-0.047424316;-1.002426147;TelentangDepan
857;0.03175354;0.087127686;-1.017242432;TelentangAtas
292;0.032501221;-0.019119263;-0.996520996;TelentangKiri
58;0.056213379;0.037521362;-0.993881226;TelentangKiri
480;0.024108887;0.007705688;-0.99848938;TelentangDepan
659;0.022109985;0.04385376;-0.9972229;TelentangDepan
152;-0.001907349;-0.019454956;-0.9974823;TelentangKiri
689;0.013473511;0.080047607;-0.911300659;TelentangAtas
341;-0.050796509;-0.016876221;-0.991653442;TelentangKiri
242;0.05670166;-0.013244629;-1.000778198;TelentangKiri
171;0.01449585;-0.025314331;-0.996368408;TelentangKiri
16;0.026977539;0.025665283;-0.99559021;TelentangKiri
418;0.032119751;0.011260986;-0.993515015;TelentangDepan
815;0.032394409;0.106307983;-0.962509155;TelentangAtas
721;-0.018310547;0.110687256;-1.052505493;TelentangAtas
534;0.019332886;-0.01322937;-1.003036499;TelentangDepan
196;0.051086426;-0.022491455;-0.993255615;TelentangKiri
402;0.023681641;-0.000946045;-1.00138855;TelentangDepan
571;0.031906128;0.051803589;-0.995544434;TelentangDepan
1103;-0.1165;-0.0408;0.9951;TelentangPutar
466;0.021270752;-0.016784668;-1.00213623;TelentangDepan
800;0.02230835;0.108703613;-0.970245361;TelentangAtas
848;0.012634277;0.081710815;-1.052871704;TelentangAtas
975;0.038986206;0.032104492;-1.113357544;TelentangAtas
494;0.042007446;0.024246216;-1.000335693;TelentangDepan
420;0.013748169;-0.027954102;-0.997589111;TelentangDepan
1081;-0.0535;0.0337;1.0371;TelentangPutar
591;0.037994385;0.005554199;-0.991195679;TelentangDepan
1009;-0.0594;0.0051;1.0273;TelentangPutar
660;0.014968872;0.011444092;-0.998031616;TelentangDepan
399;0.029083252;-0.018569946;-0.993118286;TelentangDepan
347;-0.03527832;-0.029708862;-1.001235962;TelentangKiri
837;0.01449585;0.098861694;-0.919418335;TelentangAtas
1246;-0.023;-0.0335;1.0432;TelentangPutar
89;-0.005981445;-0.015716553;-0.997756958;TelentangKiri
1251;-0.0721;0.0594;1.0366;TelentangPutar
355;-0.053283691;0.003204346;-0.992172241;TelentangKiri
103;0.017272949;0.004089355;-0.999649048;TelentangKiri
212;0.057861328;-0.006103516;-0.998535156;TelentangKiri
33;0.075592041;0.011825562;-0.990097046;TelentangKiri
386;0.025146484;-0.031143188;-0.994262695;TelentangDepan
1174;-0.0489;0.0748;0.7637;TelentangPutar
1236;-0.0572;-0.0425;1.0185;TelentangPutar
300;0.035263062;-0.001464844;-1.000305176;TelentangKiri
1217;0.0264;-0.0799;1.0688;TelentangPutar
144;0.045288086;0.035018921;-0.996292114;TelentangKiri
1210;0.0068;-0.0171;1.0366;TelentangPutar
1139;-0.0635;0.0303;1.0363;TelentangPutar
19;0.057754517;-0.007217407;-0.995193481;TelentangKiri
834;0.031005859;0.084457397;-0.978149414;TelentangAtas
881;0.041870117;0.083526611;-0.993438721;TelentangAtas
57;0.019638062;0.020202637;-0.995193481;TelentangKiri
238;0.050064087;-0.023101807;-1.000671387;TelentangKiri
192;0.032272339;-0.024169922;-1.002166748;TelentangKiri
451;0.016418457;-0.035202026;-1.001312256;TelentangDepan
776;0.042022705;0.139465332;-0.954986572;TelentangAtas
1196;-0.0489;-0.0374;1.0236;TelentangPutar
65;0.015914917;-0.005783081;-0.998931885;TelentangKiri
841;0.020523071;0.127075195;-1.024856567;TelentangAtas
353;-0.027206421;0.001327515;-1.011398315;TelentangKiri
66;0.008148193;-0.006729126;-1.000701904;TelentangKiri
407;0.013015747;0.015899658;-0.989898682;TelentangDepan
768;0.032348633;0.149261475;-0.898132324;TelentangAtas
970;0.066558838;0.074554443;-1.079238892;TelentangAtas
608;0.030044556;0.104934692;-1.007385254;TelentangDepan
129;0.00680542;-0.024017334;-0.996627808;TelentangKiri
1066;-0.0625;-0.0533;1.0727;TelentangPutar
865;0.043685913;0.057952881;-0.995285034;TelentangAtas
454;0.024520874;-0.054718018;-0.99899292;TelentangDepan
957;0.055023193;0.055633545;-1.016326904;TelentangAtas
1108;-0.1121;-0.0161;0.9374;TelentangPutar
338;-0.02986145;-0.005279541;-0.991348267;TelentangKiri
220;0.078887939;-0.018615723;-1.002120972;TelentangKiri
343;-0.01373291;-0.004699707;-0.991882324;TelentangKiri
810;0.024291992;0.091125488;-1.020614624;TelentangAtas
514;0.017059326;-0.041137695;-0.993484497;TelentangDepan
743;0.021408081;0.127090454;-1.092056274;TelentangAtas
257;0.015029907;-0.017974854;-1.004470825;TelentangKiri
90;-0.008300781;-0.02305603;-1.001586914;TelentangKiri
579;0.025680542;0.053283691;-0.999832153;TelentangDepan
688;0.032699585;0.080749512;-0.888687134;TelentangAtas
882;0.074691772;0.081771851;-0.982025146;TelentangAtas
509;0.007766724;-0.024581909;-1.000961304;TelentangDepan
349;-0.038040161;-0.038574219;-0.994171143;TelentangKiri
706;-0.025405884;0.117279053;-0.968444824;TelentangAtas
908;0.039428711;0.094146729;-0.928192139;TelentangAtas
185;0.043548584;-0.018829346;-0.995346069;TelentangKiri
210;0.046463013;0.017700195;-0.997497559;TelentangKiri
681;0.02166748;0.019363403;-0.995376587;TelentangDepan
345;-0.018981934;-0.023651123;-1.001983643;TelentangKiri
704;-0.013092041;0.141159058;-0.934783936;TelentangAtas
1134;-0.0608;-0.0225;0.9963;TelentangPutar
586;0.049758911;0.020797729;-0.994750977;TelentangDepan
184;0.065353394;0.005584717;-0.99848938;TelentangKiri
676;0.021102905;0.050354004;-0.995315552;TelentangDepan
956;0.035812378;0.037597656;-1.06942749;TelentangAtas
854;0.037078857;0.07623291;-0.965713501;TelentangAtas
305;0.015319824;-0.006439209;-0.988098145;TelentangKiri
960;0.065322876;0.060317993;-0.925552368;TelentangAtas
801;0.012283325;0.106643677;-0.962081909;TelentangAtas
51;0.015106201;-0.013885498;-0.994796753;TelentangKiri
1047;-0.0943;0.021;0.9726;TelentangPutar
855;0.044006348;0.077789307;-0.987716675;TelentangAtas
394;0.008483887;-0.008331299;-0.996200562;TelentangDepan
1104;-0.1209;-0.0738;1.007;TelentangPutar
924;0.005081177;0.06539917;-0.864624023;TelentangAtas
613;0.027053833;0.074859619;-0.990982056;TelentangDepan
503;0.015289307;-0.00894165;-1.001464844;TelentangDepan
405;0.024505615;-0.012985229;-0.995346069;TelentangDepan
279;0.026885986;-0.046401978;-0.998321533;TelentangKiri
1258;-0.0376;0.0586;1.0578;TelentangPutar
380;0.023208618;-0.024353027;-0.997756958;TelentangDepan
1200;-0.0515;0.0139;1.0017;TelentangPutar
667;0.01385498;0.033477783;-0.998260498;TelentangDepan
1181;0.0528;-0.1312;1.0254;TelentangPutar
651;0.025634766;0.039749146;-0.996200562;TelentangDepan
752;0.027603149;0.131759644;-1.051681519;TelentangAtas
406;0.014053345;-0.006912231;-1.001922607;TelentangDepan
1114;-0.1251;-0.0235;0.9838;TelentangPutar
379;0.015853882;-0.022903442;-0.993164063;TelentangDepan
558;0.011169434;0.001464844;-1.002243042;TelentangDepan
52;0.022628784;-0.012008667;-1.000946045;TelentangKiri
640;0.019363403;0.020217896;-0.994949341;TelentangDepan
777;0.047210693;0.12689209;-0.974746704;TelentangAtas
1128;-0.0621;-0.0432;1.0146;TelentangPutar
1015;-0.0914;-0.0083;1.0542;TelentangPutar
484;0.031494141;0.00163269;-1.003662109;TelentangDepan
1252;-0.0985;0.0816;1.0268;TelentangPutar
949;0.068206787;0.083602905;-0.986633301;TelentangAtas
1220;0.0093;-0.0745;1.019;TelentangPutar
244;0.055725098;0.038757324;-0.994888306;TelentangKiri
273;0.034210205;-0.01272583;-1.002502441;TelentangKiri
236;0.06427002;-0.011001587;-0.993148804;TelentangKiri
641;0.033874512;0.027984619;-0.988311768;TelentangDepan
1102;-0.1209;-0.0362;0.9933;TelentangPutar
479;0.02053833;0.017684937;-1.005447388;TelentangDepan
871;0.032806396;0.066802979;-0.974105835;TelentangAtas
64;0.012878418;-0.009246826;-0.996261597;TelentangKiri
166;0.04864502;0.008666992;-0.997314453;TelentangKiri
840;-0.000152588;0.115997314;-0.978775024;TelentangAtas
1206;-0.0393;0.032;1.0039;TelentangPutar
1109;-0.1112;0.0129;0.9359;TelentangPutar
877;0.021011353;0.070541382;-0.967987061;TelentangAtas
597;0.032455444;0.021759033;-0.990585327;TelentangDepan
784;0.051040649;0.142044067;-1.007156372;TelentangAtas
783;0.04460144;0.149353027;-1.014389038;TelentangAtas
1157;-0.1456;-0.0887;1.0278;TelentangPutar
1185;0.065;-0.1539;1.0134;TelentangPutar
774;0.021438599;0.151245117;-0.960784912;TelentangAtas
469;0.025970459;-0.033370972;-0.992767334;TelentangDepan
822;0.041015625;0.098449707;-1.003738403;TelentangAtas
396;0.018493652;-0.012237549;-0.9921875;TelentangDepan
731;0.007659912;0.142990112;-0.999603271;TelentangAtas
671;0.022018433;0.058059692;-0.997589111;TelentangDepan
952;0.074737549;0.069000244;-1.067550659;TelentangAtas
334;-0.040252686;-0.040542603;-0.993225098;TelentangKiri
1093;-0.0796;0.0215;0.9401;TelentangPutar
661;0.017166138;-0.001678467;-0.996826172;TelentangDepan
315;0.0209198;-0.009567261;-1.00062561;TelentangKiri
1062;-0.0657;-0.009;0.9186;TelentangPutar
707;0.008804321;0.135879517;-0.933609009;TelentangAtas
1156;-0.1395;-0.0757;1.0065;TelentangPutar
1127;-0.0723;-0.0024;1.0061;TelentangPutar
363;0.035202026;-0.121490479;-0.995071411;TelentangDepan
337;-0.014221191;0.004608154;-0.987106323;TelentangKiri
178;0.005874634;-0.018417358;-0.998382568;TelentangKiri
922;0.052734375;0.050811768;-0.841934204;TelentangAtas
77;0.005004883;-0.018157959;-1.001342773;TelentangKiri
941;0.06338501;0.053863525;-0.915863037;TelentangAtas
803;0.004592896;0.096725464;-0.920410156;TelentangAtas
211;0.050033569;0.006347656;-0.997665405;TelentangKiri
620;-0.002700806;0.104141235;-0.997436523;TelentangDepan
624;0.02722168;0.084442139;-0.993438721;TelentangDepan
437;0.006561279;-0.030349731;-0.997543335;TelentangDepan
824;0.043640137;0.08026123;-1.018112183;TelentangAtas
554;0.040313721;0.004882813;-0.996795654;TelentangDepan
314;0.016189575;0.016494751;-0.991897583;TelentangKiri
715;-0.005874634;0.126251221;-1.07434082;TelentangAtas
126;0.016708374;-0.015518188;-0.994628906;TelentangKiri
1148;-0.1119;0.0139;0.9599;TelentangPutar
853;0.034988403;0.080993652;-0.973999023;TelentangAtas
626;0.030670166;0.034469604;-1.000366211;TelentangDepan
1077;-0.044;-0.0073;1.0356;TelentangPutar
123;0.027679443;-0.033584595;-1.000167847;TelentangKiri
787;0.05090332;0.125671387;-1.029830933;TelentangAtas
266;0.053604126;0.00958252;-0.989517212;TelentangKiri
561;0.02557373;0.024902344;-0.999343872;TelentangDepan
87;0.008651733;0.004898071;-0.995498657;TelentangKiri
282;0.045150757;-0.009765625;-0.992370605;TelentangKiri
1207;-0.0357;0.0051;0.9997;TelentangPutar
832;-0.000686646;0.062896729;-0.966323853;TelentangAtas
962;0.060653687;0.061599731;-0.979095459;TelentangAtas
666;0.021072388;0.036819458;-0.998336792;TelentangDepan
115;-0.012954712;-0.017684937;-0.995986938;TelentangKiri
60;0.027252197;-0.006256104;-0.999603271;TelentangKiri
1111;-0.097;0.0349;1.0161;TelentangPutar
232;0.044387817;-0.036651611;-0.989456177;TelentangKiri
75;0.018173218;-0.020339966;-0.996948242;TelentangKiri
464;-0.000656128;-0.035827637;-0.998016357;TelentangDepan
294;0.040969849;-0.009719849;-0.994232178;TelentangKiri
673;0.014068604;0.041030884;-0.998428345;TelentangDepan
527;0.000701904;-0.017623901;-0.99168396;TelentangDepan
227;0.038650513;-0.010772705;-0.993209839;TelentangKiri
809;0.028411865;0.112106323;-1.027511597;TelentangAtas
1187;0.0093;-0.0718;1.0085;TelentangPutar
424;0.022918701;0.015213013;-0.997070313;TelentangDepan
1026;-0.095;0.0034;0.9838;TelentangPutar
99;0.010787964;-0.05128479;-0.997695923;TelentangKiri
320;-0.007858276;0.011810303;-0.997192383;TelentangKiri
982;-0.0814;0.0151;1.0131;TelentangPutar
600;0.039764404;0.052566528;-0.996734619;TelentangDepan
92;0.016113281;-0.018966675;-0.995849609;TelentangKiri
795;0.039001465;0.105163574;-1.029678345;TelentangAtas
595;0.029266357;0.040374756;-0.989379883;TelentangDepan
297;0.021865845;0.004486084;-1.001617432;TelentangKiri
153;-0.00440979;-0.003265381;-1.000076294;TelentangKiri
208;0.007492065;-0.006744385;-1.002349854;TelentangKiri
888;0.032028198;0.054214478;-1.016586304;TelentangAtas
756;0.01473999;0.123474121;-0.996398926;TelentangAtas
543;0.032440186;-0.024093628;-0.994049072;TelentangDepan
520;0.012130737;-0.041763306;-1.007202148;TelentangDepan
157;0.051300049;0.022949219;-1.002746582;TelentangKiri
26;0.071533203;-0.020095825;-0.997817993;TelentangKiri
13;0.046035767;-0.019607544;-0.992126465;TelentangKiri
748;-0.001358032;0.13420105;-0.966369629;TelentangAtas
1074;-0.0718;-0.0545;1.0029;TelentangPutar
1124;-0.1068;0.0274;1.017;TelentangPutar
516;0.022781372;-0.020523071;-0.998855591;TelentangDepan
1154;-0.1292;-0.0403;1.0691;TelentangPutar
465;0.003829956;-0.029067993;-0.998306274;TelentangDepan
633;0.017883301;0.065216064;-0.99446106;TelentangDepan
1000;-0.0364;-0.0093;1.008;TelentangPutar
199;0.032196045;-0.00944519;-0.991317749;TelentangKiri
733;0.016113281;0.145706177;-1.049484253;TelentangAtas
467;0.03503418;-0.007522583;-0.999694824;TelentangDepan
100;0.008163452;-0.042007446;-0.997451782;TelentangKiri
414;0.003707886;-0.03956604;-0.996917725;TelentangDepan
566;0.021011353;0.008148193;-0.996139526;TelentangDepan
1167;-0.0545;0.0247;0.9806;TelentangPutar
501;0.015289307;-0.013778687;-1.005950928;TelentangDepan
844;0.026321411;0.098876953;-1.023269653;TelentangAtas
889;0.003601074;0.06829834;-0.982971191;TelentangAtas
487;0.03024292;-0.009796143;-0.998550415;TelentangDepan
29;0.06036377;-0.052322388;-1.001602173;TelentangKiri
12;0.04006958;-0.01461792;-0.999404907;TelentangKiri
635;0.006759644;0.050018311;-0.979492188;TelentangDepan
786;0.047073364;0.137145996;-1.040344238;TelentangAtas
1086;-0.0752;0.055;1.0061;TelentangPutar
162;0.075469971;-0.002304077;-0.992141724;TelentangKiri
377;0.012832642;-0.014465332;-0.996429443;TelentangDepan
441;0.023254395;-0.037368774;-0.996887207;TelentangDepan
496;0.01512146;0.023635864;-1.000473022;TelentangDepan
1106;-0.1065;-0.0535;1.0447;TelentangPutar
581;0.017547607;0.051879883;-1.002532959;TelentangDepan
309;0.022750854;-0.003372192;-1.001205444;TelentangKiri
274;0.035858154;0.001785278;-0.995620728;TelentangKiri
861;0.02520752;0.060928345;-1.034927368;TelentangAtas
390;0.013381958;-0.025558472;-0.997756958;TelentangDepan
463;0.007461548;-0.043197632;-1.000137329;TelentangDepan
903;0.045776367;0.052719116;-0.940826416;TelentangAtas
918;0.051986694;0.036895752;-0.980499268;TelentangAtas
539;0.024688721;-0.007247925;-0.995529175;TelentangDepan
88;0.013702393;-0.003082275;-0.999740601;TelentangKiri
258;0.042999268;0.013580322;-0.993041992;TelentangKiri
555;0.028549194;0.004379272;-0.996734619;TelentangDepan
72;0.008422852;-0.001251221;-0.999542236;TelentangKiri
49;-0.017852783;-0.057037354;-1.002075195;TelentangKiri
1183;0.0467;-0.1388;0.9577;TelentangPutar
506;0.019241333;-0.020263672;-0.999954224;TelentangDepan
325;-0.024917603;-0.026519775;-0.99949646;TelentangKiri
324;-0.012283325;-0.035064697;-0.996688843;TelentangKiri
191;0.056243896;-0.008361816;-0.99609375;TelentangKiri
900;0.039993286;0.067626953;-0.918624878;TelentangAtas
575;0.039459229;0.029052734;-0.99546814;TelentangDepan
412;0.023300171;-0.005996704;-0.997634888;TelentangDepan
791;0.010574341;0.103790283;-1.022003174;TelentangAtas
642;0.033279419;0.045562744;-1.01361084;TelentangDepan
607;0.034362793;0.114776611;-0.980743408;TelentangDepan
874;0.049743652;0.078018188;-0.966690063;TelentangAtas
474;0.020462036;-0.039978027;-0.99105835;TelentangDepan
79;0.004730225;0.000762939;-0.999313354;TelentangKiri
995;-0.0173;-0.0024;0.9936;TelentangPutar
286;0.063552856;-0.018493652;-0.998397827;TelentangKiri
436;0.010070801;-0.020751953;-0.993972778;TelentangDepan
400;0.02671814;-0.01385498;-0.999938965;TelentangDepan
141;0.024642944;0.011260986;-0.999755859;TelentangKiri
1146;-0.0877;0.0122;1.0236;TelentangPutar
1168;-0.0269;-0.0159;1.031;TelentangPutar
1039;-0.0972;0.0313;0.9894;TelentangPutar
272;0.042312622;-0.020782471;-0.994155884;TelentangKiri
1204;-0.0655;0.0406;0.9721;TelentangPutar
605;0.04045105;0.088058472;-1.006271362;TelentangDepan
1083;-0.0599;0.0508;0.9594;TelentangPutar
398;0.023727417;-0.025161743;-0.998657227;TelentangDepan
411;0.013763428;0.009475708;-0.993850708;TelentangDepan
1003;0.0462;0.0432;0.9257;TelentangPutar
746;0.020477295;0.143600464;-1.006912231;TelentangAtas
108;-0.006164551;-0.053665161;-0.997817993;TelentangKiri
275;0.035385132;0.000183105;-0.997314453;TelentangKiri
245;0.069595337;0.057312012;-0.995925903;TelentangKiri
541;0.047775269;0.002822876;-0.997665405;TelentangDepan
764;0.010574341;0.124557495;-0.921081543;TelentangAtas
562;0.019180298;0.034942627;-0.997070313;TelentangDepan
954;0.072387695;0.050354004;-1.064025879;TelentangAtas
44;0.048080444;0.01763916;-0.992385864;TelentangKiri
1082;-0.0557;0.055;0.9491;TelentangPutar
303;0.034805298;0.018936157;-0.990783691;TelentangKiri
505;0.011367798;-0.016189575;-0.992141724;TelentangDepan
1030;-0.0884;0.0425;0.9738;TelentangPutar
395;0.009536743;-0.000915527;-1.001296997;TelentangDepan
958;0.050216675;0.053695679;-1.034317017;TelentangAtas
1215;0.0283;-0.0738;0.9824;TelentangPutar
508;0.013519287;-0.009307861;-0.998703003;TelentangDepan
240;0.054321289;-0.026916504;-0.998855591;TelentangKiri
917;0.037353516;0.030883789;-0.985122681;TelentangAtas
1143;-0.0491;0.0073;1.0053;TelentangPutar
342;-0.037963867;-0.004516602;-0.998626709;TelentangKiri
298;0.028015137;0.000137329;-0.996154785;TelentangKiri
773;0.02583313;0.150177002;-0.970794678;TelentangAtas
1184;0.0581;-0.1493;0.9653;TelentangPutar
296;0.026657104;0.012496948;-0.98890686;TelentangKiri
182;0.016662598;0.007492065;-0.989349365;TelentangKiri
1105;-0.1187;-0.0801;1.0278;TelentangPutar
145;0.043807983;0.010665894;-0.997192383;TelentangKiri
645;0.029296875;0.050750732;-0.998779297;TelentangDepan
1219;-0.0137;-0.0562;0.9188;TelentangPutar
631;0.020095825;0.040328979;-0.996887207;TelentangDepan
1238;-0.0545;-0.0396;1.0126;TelentangPutar
675;0.031585693;0.032363892;-0.998977661;TelentangDepan
259;0.080429077;0.024139404;-0.998519897;TelentangKiri
979;0.010238647;0.003387451;-0.924850464;TelentangAtas
913;0.054855347;0.041503906;-1.09223938;TelentangAtas
373;0.020294189;-0.027038574;-0.998306274;TelentangDepan
261;0.057922363;0.003463745;-0.998031616;TelentangKiri
934;0.030166626;0.051223755;-1.092407227;TelentangAtas
560;0.033355713;0.017593384;-0.997436523;TelentangDepan
344;-0.005310059;-0.013671875;-0.997299194;TelentangKiri
977;0.029998779;0.000656128;-1.050292969;TelentangAtas
409;0.010955811;0.027679443;-0.997009277;TelentangDepan
1144;-0.0586;0.044;1.0205;TelentangPutar
177;-0.016983032;-0.055038452;-0.99987793;TelentangKiri
621;0.015014648;0.123397827;-0.991577148;TelentangDepan
604;0.026657104;0.065063477;-0.997955322;TelentangDepan
1178;0.0713;-0.0989;1.1372;TelentangPutar
217;0.071212769;-0.008850098;-0.995986938;TelentangKiri
836;0.007202148;0.096969604;-0.89503479;TelentangAtas
528;0.027236938;-0.028640747;-0.998596191;TelentangDepan
317;0.002059937;-0.02104187;-0.998168945;TelentangKiri
6;0.080459595;0.021240234;-0.996185303;TelentangKiri
928;0.057998657;0.095031738;-0.962814331;TelentangAtas
563;0.02180481;0.032943726;-0.991195679;TelentangDepan
755;0.047119141;0.152526855;-0.99949646;TelentangAtas
1037;-0.0701;0.074;0.9912;TelentangPutar
385;0.02204895;-0.041290283;-0.997375488;TelentangDepan
423;0.024749756;0.019165039;-0.994873047;TelentangDepan
808;0.019592285;0.119415283;-1.014205933;TelentangAtas
95;0.001586914;-0.009841919;-0.997909546;TelentangKiri
833;0.015884399;0.091659546;-0.930999756;TelentangAtas
912;0.074111938;0.063400269;-1.060317993;TelentangAtas
1100;-0.1344;-0.074;1.0315;TelentangPutar
1071;-0.0567;-0.0293;0.9618;TelentangPutar
966;0.035186768;0.073394775;-0.956863403;TelentangAtas
788;0.033065796;0.125640869;-1.021560669;TelentangAtas
690;0.016189575;0.085205078;-0.975189209;TelentangAtas
672;0.031005859;0.072158813;-0.996826172;TelentangDepan
98;0.012405396;-0.033996582;-0.998168945;TelentangKiri
1020;-0.1048;-0.031;0.9596;TelentangPutar
250;0.043136597;-0.074432373;-0.995346069;TelentangKiri
775;0.026229858;0.135742188;-0.942214966;TelentangAtas
583;0.031799316;0.011505127;-0.993041992;TelentangDepan
703;-0.059188843;0.089569092;-0.974822998;TelentangAtas
687;0.01789856;0.013000488;-0.994628906;TelentangDepan
556;0.011962891;-0.010345459;-1.002807617;TelentangDepan
69;-0.017684937;0.027374268;-0.997909546;TelentangKiri
1214;0.0056;-0.0384;0.9423;TelentangPutar
330;-0.005126953;-0.000411987;-0.987045288;TelentangKiri
537;0.005401611;-0.034790039;-0.998046875;TelentangDepan
198;0.030151367;-0.021362305;-1.000823975;TelentangKiri
1046;-0.0801;0.0371;1.03;TelentangPutar
82;0.005142212;0.001419067;-0.994644165;TelentangKiri
1094;-0.0926;-0.0056;0.9572;TelentangPutar
271;0.042037964;-0.025695801;-0.999191284;TelentangKiri
404;0.025085449;-0.017120361;-0.999908447;TelentangDepan
256;0.003341675;-0.028182983;-0.998397827;TelentangKiri
8;0.064376831;0.016433716;-0.996658325;TelentangKiri
1171;-0.0129;-0.0498;1.1697;TelentangPutar
1260;-0.0623;0.0831;0.9865;TelentangPutar
313;0.008239746;0.028442383;-1.001922607;TelentangKiri
281;0.032897949;-0.012695313;-1.000076294;TelentangKiri
1205;-0.0535;0.0535;0.9775;TelentangPutar
544;0.029953003;-0.042144775;-0.998336792;TelentangDepan
1224;-0.0467;0.0032;1.0217;TelentangPutar
1189;-0.0081;-0.0567;1.009;TelentangPutar
580;0.02130127;0.046707153;-0.991500854;TelentangDepan
883;0.043029785;0.073013306;-1.014389038;TelentangAtas
448;0.012542725;-0.042114258;-1.002334595;TelentangDepan
592;0.05670166;0.028045654;-0.992645264;TelentangDepan
461;0.015609741;-0.022247314;-0.998352051;TelentangDepan
804;0.017700195;0.114074707;-0.952865601;TelentangAtas
1261;-0.0901;0.0943;0.9335;TelentangPutar
910;0.08190918;0.076446533;-1.020523071;TelentangAtas
643;-0.000411987;0.026641846;-0.979019165;TelentangDepan
980;-0.0279;0.0515;0.9645;TelentangPutar
1088;-0.086;0.0518;1.0244;TelentangPutar
352;-0.015090942;0.008392334;-0.992095947;TelentangKiri
253;0.035980225;-0.022964478;-0.994689941;TelentangKiri
751;0.038909912;0.114303589;-1.141098022;TelentangAtas
692;-0.019134521;0.082275391;-1.04057312;TelentangAtas
906;0.016677856;0.079528809;-0.984603882;TelentangAtas
468;0.0440979;-0.008590698;-0.993392944;TelentangDepan
702;-0.039215088;0.096160889;-1.019348145;TelentangAtas
158;0.062042236;0.008422852;-0.994247437;TelentangKiri
648;0.031616211;0.02394104;-0.996948242;TelentangDepan
67;-0.002075195;-0.001205444;-0.99230957;TelentangKiri
744;0.032150269;0.146026611;-1.061172485;TelentangAtas
335;-0.038513184;-0.018753052;-1.00453186;TelentangKiri
112;0.003646851;-0.01965332;-0.998855591;TelentangKiri
311;0.024139404;0.023117065;-0.998352051;TelentangKiri
699;0.051467896;0.122787476;-0.982894897;TelentangAtas
616;0.014678955;0.095199585;-0.988098145;TelentangDepan
1119;-0.1239;-0.0171;0.9543;TelentangPutar
86;0.00769043;0.00579834;-1.001464844;TelentangKiri
425;0.022857666;-0.003189087;-0.999771118;TelentangDepan
332;-0.002822876;-0.016784668;-1.033370972;TelentangKiri
737;0.033233643;0.138397217;-1.061325073;TelentangAtas
860;0.045333862;0.081573486;-1.031066895;TelentangAtas
665;0.014801025;0.027740479;-0.99697876;TelentangDepan
284;0.042953491;-0.009643555;-1.002792358;TelentangKiri
155;0.035629272;0.021591187;-0.999404907;TelentangKiri
701;0.035903931;0.160766602;-0.96836853;TelentangAtas
169;0.083114624;-0.032516479;-0.998565674;TelentangKiri
639;0.019561768;0.017669678;-0.992752075;TelentangDepan
628;0.006240845;0.052093506;-1.000671387;TelentangDepan
462;0.020172119;-0.035614014;-1.002166748;TelentangDepan
336;-0.022674561;0.003768921;-0.990890503;TelentangKiri
835;-0.012252808;0.095489502;-0.920257568;TelentangAtas
477;0.017959595;-0.018234253;-1.003616333;TelentangDepan
799;0.030166626;0.114151001;-0.983383179;TelentangAtas
389;0.014862061;-0.027603149;-1.000061035;TelentangDepan
1227;-0.0811;0.0493;0.9853;TelentangPutar
59;0.069366455;0.030670166;-0.994949341;TelentangKiri
1263;-0.1109;0.0792;0.9799;TelentangPutar
897;0.030883789;0.054733276;-1.00227356;TelentangAtas
97;0.020217896;-0.011047363;-0.99836731;TelentangKiri
1040;-0.0972;0.021;1.0166;TelentangPutar
361;0.022415161;-0.019897461;-0.99597168;TelentangDepan
826;0.012466431;0.075408936;-1.039901733;TelentangAtas
239;0.041992188;-0.029205322;-0.996871948;TelentangKiri
1190;-0.0406;-0.0359;0.9438;TelentangPutar
612;0.038314819;0.077026367;-0.99067688;TelentangDepan
122;0.041168213;-0.014938354;-0.997528076;TelentangKiri
530;0.039627075;-0.028015137;-0.998779297;TelentangDepan
164;0.053848267;0.007217407;-1.001586914;TelentangKiri
1180;0.0704;-0.1432;1.0117;TelentangPutar
955;0.082931519;0.041931152;-1.068649292;TelentangAtas
1253;-0.0948;0.0792;1.0129;TelentangPutar
884;0.038421631;0.067993164;-0.99067688;TelentangAtas
989;-0.0227;0.0327;0.9819;TelentangPutar
24;0.043060303;-0.002502441;-0.997543335;TelentangKiri
1163;-0.1896;0.0616;0.9877;TelentangPutar
340;-0.074417114;-0.034988403;-0.998397827;TelentangKiri
1244;-0.0056;-0.0931;0.9995;TelentangPutar
991;-0.0293;0.0142;1.0483;TelentangPutar
443;0.015655518;-0.014816284;-0.992416382;TelentangDepan
569;0.031478882;0.029800415;-0.994140625;TelentangDepan
585;0.039215088;0.007644653;-0.997375488;TelentangDepan
483;0.035202026;-0.001296997;-0.992736816;TelentangDepan
133;0.019012451;0.042388916;-0.995498657;TelentangKiri
1235;-0.0555;-0.0249;0.9828;TelentangPutar
548;0.014648438;-0.007980347;-0.995742798;TelentangDepan
771;0.023910522;0.130706787;-0.864929199;TelentangAtas
1118;-0.1234;-0.0369;0.9381;TelentangPutar
849;0.042663574;0.086807251;-1.031936646;TelentangAtas
817;0.02973938;0.095458984;-0.99937439;TelentangAtas
916;0.035430908;0.040161133;-1.037734985;TelentangAtas
985;-0.0291;0.0261;0.9391;TelentangPutar
34;0.074081421;-0.007751465;-0.995071411;TelentangKiri
485;0.03086853;0.003845215;-0.992660522;TelentangDepan
1226;-0.0682;0.0281;0.9762;TelentangPutar
578;0.03515625;0.035308838;-0.995788574;TelentangDepan
322;-0.001205444;-0.01423645;-0.995880127;TelentangKiri
1255;-0.076;0.0557;0.9841;TelentangPutar
1052;-0.0445;0.0445;0.9482;TelentangPutar
1149;-0.116;-0.0147;0.9306;TelentangPutar
686;0.043518066;0.027359009;-1.004516602;TelentangDepan
179;0.029953003;0.001861572;-0.994812012;TelentangKiri
241;0.066558838;-0.025894165;-0.995239258;TelentangKiri
668;0.022872925;0.039413452;-0.994888306;TelentangDepan
785;0.044174194;0.149124146;-1.011810303;TelentangAtas
1192;-0.0772;-0.0129;0.9574;TelentangPutar
142;-0.002838135;0.024398804;-0.997924805;TelentangKiri
1033;-0.116;0.0259;1.0278;TelentangPutar
35;0.03868103;-0.043533325;-0.998336792;TelentangKiri
1035;-0.1063;0.0276;0.9953;TelentangPutar
573;0.044296265;0.038879395;-0.993118286;TelentangDepan
76;0.017715454;-0.02331543;-0.992141724;TelentangKiri
664;0.018341064;0.017944336;-0.996109009;TelentangDepan
429;0.027481079;-0.006515503;-0.998321533;TelentangDepan
852;0.03288269;0.07598877;-0.977905273;TelentangAtas
354;-0.052749634;-0.00869751;-0.997817993;TelentangKiri
53;0.023468018;-0.018371582;-0.995651245;TelentangKiri
23;0.028106689;-0.003509521;-0.998977661;TelentangKiri
229;0.049514771;-0.003417969;-0.99180603;TelentangKiri
1097;-0.1302;-0.0386;0.9372;TelentangPutar
329;-0.009796143;-0.006240845;-0.989273071;TelentangKiri
14;0.036727905;-0.0128479;-0.999298096;TelentangKiri
74;0;-0.015701294;-0.997283936;TelentangKiri
1054;-0.0552;0.0291;0.9814;TelentangPutar
1150;-0.1195;-0.0562;0.944;TelentangPutar
1137;-0.064;-0.0051;1.0427;TelentangPutar
1076;-0.0469;-0.0103;1.0552;TelentangPutar
935;0.022247314;0.049041748;-1.042251587;TelentangAtas
1002;0.0442;0.0469;0.9215;TelentangPutar
570;0.037658691;0.046890259;-0.996246338;TelentangDepan
1135;-0.0564;-0.0208;1.0385;TelentangPutar
794;0.035232544;0.102600098;-1.031524658;TelentangAtas
1061;-0.0608;-0.0208;0.9379;TelentangPutar
741;0.026321411;0.132064819;-1.036026001;TelentangAtas
518;0.017272949;0.004592896;-1.00038147;TelentangDepan
416;0.019134521;0.015258789;-0.996063232;TelentangDepan
565;0.030151367;0.030410767;-0.99420166;TelentangDepan
31;0.020889282;-0.022293091;-0.999191284;TelentangKiri
421;0.006256104;-0.014190674;-0.999313354;TelentangDepan
85;-0.002716064;0.004547119;-0.995193481;TelentangKiri
109;-0.025634766;-0.06137085;-0.994857788;TelentangKiri
679;0.026733398;0.083480835;-0.997619629;TelentangDepan
15;0.031936646;0.012115479;-0.998641968;TelentangKiri
697;-0.017410278;0.096176147;-1.051391602;TelentangAtas
1151;-0.1173;-0.073;0.9648;TelentangPutar
533;0.027008057;-0.014175415;-0.996032715;TelentangDepan
1027;-0.107;-0.001;0.997;TelentangPutar
735;0.007705688;0.132614136;-1.022064209;TelentangAtas
209;0.023834229;0.009597778;-0.996246338;TelentangKiri
683;0.016983032;0.011886597;-0.998382568;TelentangDepan
971;0.073135376;0.056259155;-1.099761963;TelentangAtas
630;0.007293701;0.041351318;-0.997634888;TelentangDepan
1125;-0.0997;-0.0083;0.9999;TelentangPutar
742;0.04460144;0.131484985;-1.093490601;TelentangAtas
797;0.027008057;0.120941162;-0.970779419;TelentangAtas
1113;-0.1212;-0.0066;0.9719;TelentangPutar
1140;-0.0616;0.0528;0.9887;TelentangPutar
872;-0.008773804;0.063476563;-0.921630859;TelentangAtas
369;0.013427734;-0.060806274;-0.996856689;TelentangDepan
732;0.006744385;0.159133911;-1.017471313;TelentangAtas
987;-0.0061;0.0384;1.0107;TelentangPutar
251;0.021682739;-0.070388794;-0.998031616;TelentangKiri
1007;-0.0589;-0.0193;0.9799;TelentangPutar
1250;-0.0479;0.033;0.966;TelentangPutar
864;0.036712646;0.064865112;-1.022171021;TelentangAtas
1123;-0.1112;0.043;1.0407;TelentangPutar
965;0.048171997;0.080703735;-0.948196411;TelentangAtas
81;-0.004653931;0.000335693;-0.998153687;TelentangKiri
1043;-0.0985;0.0007;0.944;TelentangPutar
1048;-0.1085;-0.012;1.0141;TelentangPutar
383;0.004592896;-0.036453247;-0.998092651;TelentangDepan
1072;-0.0572;-0.0388;1.0166;TelentangPutar
677;0.024414063;0.068588257;-0.997467041;TelentangDepan
749;0.034866333;0.136367798;-1.037948608;TelentangAtas
944;0.025039673;0.062988281;-0.954299927;TelentangAtas
1262;-0.0987;0.0972;0.9357;TelentangPutar
1120;-0.1202;-0.0098;0.9794;TelentangPutar
50;-0.013778687;-0.029891968;-0.993881226;TelentangKiri
905;0.048065186;0.056976318;-0.988037109;TelentangAtas
1131;-0.0721;-0.0503;0.9452;TelentangPutar
866;0.034545898;0.062759399;-1.014144897;TelentangAtas
1240;-0.0552;-0.0611;0.9794;TelentangPutar
110;-0.033416748;-0.052825928;-1.00201416;TelentangKiri
277;0.051513672;-0.023269653;-0.989883423;TelentangKiri
734;-0.005599976;0.128204346;-1.053253174;TelentangAtas
1234;-0.0618;-0.0142;1.0024;TelentangPutar
818;0.029418945;0.10484314;-0.962097168;TelentangAtas
1034;-0.1173;0.0232;0.9672;TelentangPutar
750;0.045074463;0.114730835;-1.12689209;TelentangAtas
36;0.020401001;-0.057861328;-0.999832153;TelentangKiri
716;-0.002548218;0.111694336;-1.059829712;TelentangAtas
204;0.061767578;0.003356934;-0.996810913;TelentangKiri
1014;-0.118;-0.0296;1.1424;TelentangPutar
219;0.07661438;-0.01260376;-0.991821289;TelentangKiri
870;0.02722168;0.042861938;-0.923934937;TelentangAtas
202;0.056838989;0.01008606;-0.993682861;TelentangKiri
27;0.06602478;-0.023406982;-0.993103027;TelentangKiri
351;-0.02406311;0.001296997;-0.990646362;TelentangKiri
812;0.028030396;0.097244263;-0.995391846;TelentangAtas
1266;-0.1224;0.0259;0.9853;TelentangPutar
1268;-0.1214;-0.0305;0.9929;TelentangPutar
623;0.031448364;0.116271973;-0.994644165;TelentangDepan
1198;-0.0362;-0.0298;0.9904;TelentangPutar
1060;-0.0459;-0.0164;1.0217;TelentangPutar
450;0.015884399;-0.044570923;-0.998153687;TelentangDepan
1203;-0.0606;0.0357;0.9936;TelentangPutar
457;0.006790161;-0.040679932;-0.992752075;TelentangDepan
887;0.04145813;0.063049316;-0.982635498;TelentangAtas
62;-0.043777466;-0.034851074;-0.99647522;TelentangKiri
445;0.028488159;-0.003097534;-1.00428772;TelentangDepan
576;0.038253784;0.018371582;-0.998077393;TelentangDepan
433;0.027908325;-0.03453064;-0.997787476;TelentangDepan
174;0.075897217;0.002059937;-0.997177124;TelentangKiri
1208;-0.0081;-0.0129;1.0349;TelentangPutar
789;0.035720825;0.112518311;-1.030654907;TelentangAtas
1191;-0.0606;-0.0259;0.9196;TelentangPutar
521;0.011306763;-0.056106567;-0.992584229;TelentangDepan
894;0.05480957;0.064941406;-1.027603149;TelentangAtas
189;0.083740234;0.047836304;-0.998199463;TelentangKiri
974;0.051391602;0.037719727;-1.177200317;TelentangAtas
1162;-0.2016;0.0579;1.0092;TelentangPutar
500;0.023025513;-0.017791748;-0.995529175;TelentangDepan
811;0.00994873;0.099197388;-0.982910156;TelentangAtas
415;0.007949829;-0.020874023;-0.998397827;TelentangDepan
73;-0.018341064;-0.00819397;-0.999237061;TelentangKiri
438;0.008163452;-0.036468506;-0.996932983;TelentangDepan
54;-0.006347656;-0.02897644;-0.995178223;TelentangKiri
1248;-0.0232;-0.0022;0.986;TelentangPutar
657;0.029602051;0.034500122;-0.996948242;TelentangDepan
1058;-0.0313;0.0142;1.0048;TelentangPutar
364;0.032211304;-0.111221313;-0.995040894;TelentangDepan
598;0.055679321;0.023406982;-0.99710083;TelentangDepan
1241;-0.0464;-0.0735;0.9745;TelentangPutar
163;0.068878174;0.004943848;-0.995986938;TelentangKiri
128;0.018722534;-0.006088257;-1.001113892;TelentangKiri
1193;-0.0559;-0.0291;1.0217;TelentangPutar
252;0.021087646;-0.042877197;-0.998764038;TelentangKiri
176;0.026367188;-0.061477661;-1.007369995;TelentangKiri
757;0.018692017;0.119369507;-0.986984253;TelentangAtas
709;0.010620117;0.130661011;-1.007751465;TelentangAtas
876;0.053268433;0.075393677;-0.906768799;TelentangAtas
899;-0.005554199;0.055221558;-0.950927734;TelentangAtas
759;0.030212402;0.144454956;-1.040649414;TelentangAtas
430;0.027862549;-0.012039185;-0.99269104;TelentangDepan
984;-0.0665;0.0115;1.0417;TelentangPutar
384;0.012268066;-0.043334961;-0.996765137;TelentangDepan
644;0.026870728;0.061599731;-1.021362305;TelentangDepan
790;0.029129028;0.120254517;-1.020889282;TelentangAtas
929;0.061584473;0.103607178;-1.026855469;TelentangAtas
486;0.035812378;0.003952026;-1.000076294;TelentangDepan
825;0.031463623;0.089172363;-1.070404053;TelentangAtas
170;0.034606934;-0.046417236;-0.99772644;TelentangKiri
507;0.02456665;-0.01109314;-0.995895386;TelentangDepan
447;0.024688721;-0.041381836;-0.993545532;TelentangDepan
1138;-0.0599;0.0257;1.0383;TelentangPutar
976;0.034591675;-0.000701904;-1.064956665;TelentangAtas
1233;-0.0745;0.0239;1.0068;TelentangPutar
1006;-0.0545;-0.0088;1.042;TelentangPutar
559;0.027145386;0.016464233;-0.992233276;TelentangDepan
875;0.042434692;0.066009521;-0.934661865;TelentangAtas
226;0.034561157;-0.019775391;-1.009185791;TelentangKiri
401;0.019866943;-0.007705688;-0.992385864;TelentangDepan
549;0.030380249;0.010482788;-0.999633789;TelentangDepan
793;0.032440186;0.102294922;-0.999862671;TelentangAtas
143;0.017120361;0.04145813;-0.998123169;TelentangKiri
180;0.041305542;0.010025024;-0.992248535;TelentangKiri
498;0.012084961;-0.000991821;-1.004043579;TelentangDepan
1126;-0.0923;-0.0088;0.9899;TelentangPutar
619;-0.00390625;0.087738037;-1.000930786;TelentangDepan
358;-0.011077881;0.007919312;-0.987258911;TelentangKiri
767;0.048706055;0.157577515;-0.909469604;TelentangAtas
299;0.031295776;-0.006332397;-0.995666504;TelentangKiri
160;0.02456665;-0.03263855;-1.000610352;TelentangKiri
1230;-0.0987;0.086;0.9968;TelentangPutar
431;0.029067993;-0.032836914;-0.999954224;TelentangDepan
140;0.012634277;-0.014678955;-0.996749878;TelentangKiri
923;0.082000732;0.061141968;-0.96043396;TelentangAtas
1053;-0.0376;0.0472;0.9953;TelentangPutar
370;0.017562866;-0.083023071;-0.995742798;TelentangDepan
316;0.008636475;-0.024765015;-0.997909546;TelentangKiri
978;0.00944519;0.007232666;-0.979660034;TelentangAtas
43;0.023208618;0.017974854;-1.000762939;TelentangKiri
146;0.029083252;-0.005401611;-1.002304077;TelentangKiri
360;0.008224487;0.015716553;-0.995880127;TelentangDepan
1237;-0.045;-0.0581;1.021;TelentangPutar
504;0.012176514;0.003540039;-1.000030518;TelentangDepan
113;0.007339478;-0.002090454;-0.999282837;TelentangKiri
348;-0.014541626;-0.03843689;-0.997177124;TelentangKiri
546;0.016891479;-0.035232544;-0.993453979;TelentangDepan
602;0.031219482;0.075012207;-0.968505859;TelentangDepan
154;0.028366089;0.014846802;-0.998245239;TelentangKiri
223;0.038452148;-0.033035278;-0.999298096;TelentangKiri
1004;0.0156;0.0252;1.0185;TelentangPutar
627;0.020477295;0.038787842;-1.001708984;TelentangDepan
1222;0.0046;-0.0875;1.0227;TelentangPutar
545;0.026733398;-0.03968811;-1.001358032;TelentangDepan
710;0.014007568;0.131332397;-0.986633301;TelentangAtas
1091;-0.0787;0.044;1.0708;TelentangPutar
470;0.007232666;-0.01789856;-1.000488281;TelentangDepan
1018;-0.0884;-0.0159;1.0322;TelentangPutar
93;0.049102783;-0.007354736;-0.998382568;TelentangKiri
1169;-0.0303;-0.0112;1.0271;TelentangPutar
102;0.030853271;-0.003723145;-0.994445801;TelentangKiri
636;0.024414063;0.059127808;-0.998016357;TelentangDepan
119;0.000579834;-0.019393921;-0.995620728;TelentangKiri
276;0.03314209;-0.011352539;-0.999099731;TelentangKiri
838;0.030670166;0.109207153;-0.956619263;TelentangAtas
524;0.020462036;-0.015365601;-1.000289917;TelentangDepan
22;0.033447266;-0.006866455;-0.996459961;TelentangKiri
588;0.035263062;0.006866455;-0.996566772;TelentangDepan
951;0.054550171;0.073638916;-1.061065674;TelentangAtas
321;-0.016540527;-0.00163269;-1.002090454;TelentangKiri
1085;-0.0665;0.0525;1.0488;TelentangPutar
80;-0.016799927;-0.006057739;-1.00100708;TelentangKiri
879;0.044296265;0.082366943;-0.978942871;TelentangAtas
914;0.029067993;0.049301147;-1.102645874;TelentangAtas
722;-0.029953003;0.116256714;-1.026992798;TelentangAtas
1116;-0.1141;-0.0132;1.0588;TelentangPutar
943;0.061325073;0.062820435;-0.918533325;TelentangAtas
78;0.016143799;-0.0027771;-0.994781494;TelentangKiri
30;0.039352417;-0.043136597;-0.991714478;TelentangKiri
269;0.05267334;0.005050659;-0.993347168;TelentangKiri
717;0.024002075;0.12713623;-1.009811401;TelentangAtas
1141;-0.053;0.0354;1.02;TelentangPutar
1068;-0.0542;-0.034;1.0144;TelentangPutar
150;0.050674438;0.012908936;-0.994888306;TelentangKiri
594;0.049835205;0.057876587;-0.996276855;TelentangDepan
11;0.035583496;-0.00402832;-0.996383667;TelentangKiri
1147;-0.1029;0.0198;0.9684;TelentangPutar
203;0.075576782;0.015151978;-0.996047974;TelentangKiri
1245;-0.0359;-0.0535;0.9958;TelentangPutar
230;0.064819336;-0.015518188;-0.99609375;TelentangKiri
1021;-0.0899;-0.0198;0.9672;TelentangPutar
104;0.019317627;0.014053345;-1.003463745;TelentangKiri
473;0.028884888;-0.011032104;-0.999359131;TelentangDepan
708;0.030151367;0.151901245;-0.978775024;TelentangAtas
356;-0.042129517;0.007049561;-0.995819092;TelentangKiri
766;0.024368286;0.128631592;-0.961288452;TelentangAtas
20;0.075317383;-0.01020813;-0.996841431;TelentangKiri
139;0.000289917;-0.037826538;-1;TelentangKiri
1249;-0.044;0.0264;0.9418;TelentangPutar
372;0.03717041;-0.054779053;-0.9947052;TelentangDepan
1164;-0.1427;0.065;0.9462;TelentangPutar
1155;-0.1434;-0.0406;1.0114;TelentangPutar
1073;-0.0691;-0.0486;1.0268;TelentangPutar
999;-0.0408;-0.0222;1.0148;TelentangPutar
1065;-0.0535;-0.0186;0.9982;TelentangPutar
998;-0.0437;-0.033;1.0412;TelentangPutar
827;0.022445679;0.084472656;-1.009475708;TelentangAtas
727;-0.003768921;0.124465942;-1.0078125;TelentangAtas
510;0.00428772;-0.031951904;-1.002716064;TelentangDepan
1213;0.0012;0.0049;1.0146;TelentangPutar
397;0.023193359;-0.021911621;-0.997634888;TelentangDepan
1017;-0.0713;-0.0022;0.9924;TelentangPutar
898;0.043899536;0.068344116;-0.998535156;TelentangAtas
758;0.045623779;0.149414063;-0.990219116;TelentangAtas
159;0.038528442;-0.021255493;-0.996826172;TelentangKiri
1008;-0.0537;0.0012;0.9826;TelentangPutar
596;0.027877808;0.042617798;-1.006439209;TelentangDepan
762;0.013092041;0.124832153;-0.936355591;TelentangAtas
551;0.022171021;-0.010513306;-0.992370605;TelentangDepan
1239;-0.0579;-0.0318;0.9997;TelentangPutar
1265;-0.1195;0.0454;0.9921;TelentangPutar
517;0.016906738;0.000259399;-1.003143311;TelentangDepan
25;0.059921265;-0.00769043;-0.996536255;TelentangKiri
831;0.031768799;0.078231812;-0.975479126;TelentangAtas
1194;-0.0459;-0.042;1.0576;TelentangPutar
1223;-0.022;-0.0388;0.989;TelentangPutar
1055;-0.0562;0.03;0.9645;TelentangPutar
1172;-0.0562;0.02;1.0732;TelentangPutar
540;0.037399292;0.003387451;-0.99861145;TelentangDepan
270;0.04057312;-0.018676758;-0.996261597;TelentangKiri
1175;-0.0147;0.0469;0.8062;TelentangPutar
